-- phpMyAdmin SQL Dump
-- version 5.1.1
-- https://www.phpmyadmin.net/
--
-- Host: localhost
-- Generation Time: Sep 09, 2021 at 09:41 AM
-- Server version: 10.4.20-MariaDB
-- PHP Version: 8.0.9

SET SQL_MODE = "NO_AUTO_VALUE_ON_ZERO";
START TRANSACTION;
SET time_zone = "+00:00";


/*!40101 SET @OLD_CHARACTER_SET_CLIENT=@@CHARACTER_SET_CLIENT */;
/*!40101 SET @OLD_CHARACTER_SET_RESULTS=@@CHARACTER_SET_RESULTS */;
/*!40101 SET @OLD_COLLATION_CONNECTION=@@COLLATION_CONNECTION */;
/*!40101 SET NAMES utf8mb4 */;

--
-- Database: `royalState`
--

-- --------------------------------------------------------

--
-- Table structure for table `advertises`
--

CREATE TABLE `advertises` (
  `id` bigint(20) UNSIGNED NOT NULL,
  `title` varchar(255) COLLATE utf8mb4_unicode_ci NOT NULL,
  `description` text COLLATE utf8mb4_unicode_ci NOT NULL,
  `address` text COLLATE utf8mb4_unicode_ci NOT NULL,
  `amount` varchar(255) COLLATE utf8mb4_unicode_ci NOT NULL,
  `image` varchar(255) COLLATE utf8mb4_unicode_ci NOT NULL,
  `floor` varchar(255) COLLATE utf8mb4_unicode_ci NOT NULL,
  `year` int(11) NOT NULL,
  `storeroom` tinyint(4) NOT NULL,
  `balcony` tinyint(4) NOT NULL,
  `area` varchar(255) COLLATE utf8mb4_unicode_ci NOT NULL,
  `room` bigint(20) NOT NULL,
  `parking` tinyint(4) NOT NULL,
  `toilet` enum('ایرانی','فرنگی','ایرانی و فرنگی') COLLATE utf8mb4_unicode_ci NOT NULL,
  `tag` varchar(255) COLLATE utf8mb4_unicode_ci DEFAULT NULL,
  `status` tinyint(4) NOT NULL DEFAULT 0,
  `sell_status` tinyint(4) NOT NULL,
  `type` tinyint(4) NOT NULL,
  `cat_id` bigint(20) UNSIGNED NOT NULL,
  `user_id` bigint(20) UNSIGNED NOT NULL,
  `approved` tinyint(4) NOT NULL DEFAULT 0,
  `created_at` timestamp NULL DEFAULT NULL,
  `updated_at` timestamp NULL DEFAULT NULL,
  `deleted_at` timestamp NULL DEFAULT NULL
) ENGINE=InnoDB DEFAULT CHARSET=utf8mb4 COLLATE=utf8mb4_unicode_ci;

--
-- Dumping data for table `advertises`
--

INSERT INTO `advertises` (`id`, `title`, `description`, `address`, `amount`, `image`, `floor`, `year`, `storeroom`, `balcony`, `area`, `room`, `parking`, `toilet`, `tag`, `status`, `sell_status`, `type`, `cat_id`, `user_id`, `approved`, `created_at`, `updated_at`, `deleted_at`) VALUES
(1, 'تهرانپارس شرقی', '<style type=\"text/css\">0\r\n</style>\r\n<p>بهترین منقطه تهرانپارس در محله ای ساکت و بی سروصدا . تک واحدی بدون رفت و آمد بی مورد. پارکینگ بزرگ با فضای زیاد افتابگیر با نور عالی نو ساز با بهترین و پیشرفته ترین ابزار های دنیا</p>\r\n\r\n<ul>\r\n</ul>', 'تهرانپارس فلکه دوم خیابان سوم پلاک ۴ واحد 2', '1000000000000', '\"storage\\/images\\/advertises1\\/1400\\/06\\/16\\/11_01_60.jpg\"', 'پارکت', 1397, 1, 0, '۲۰۰ متر', 4, 0, 'ایرانی و فرنگی', NULL, 0, 0, 1, 3, 2, 0, '2021-09-06 15:49:52', '2021-09-07 06:31:52', NULL),
(2, 'تهرانپارس شرقی', '<style type=\"text/css\">0\r\n</style>\r\n<p>بهترین منقطه تهرانپارس در محله ای ساکت و بی سروصدا . تک واحدی بدون رفت و آمد بی مورد. پارکینگ بزرگ با فضای زیاد افتابگیر با نور عالی نو ساز با بهترین و پیشرفته ترین ابزار های دنیا</p>\r\n\r\n<ul>\r\n</ul>', 'تهرانپارس فلکه دوم خیابان سوم پلاک ۴ واحد 2', '1000000000000', '\"storage\\/images\\/advertises1\\/1400\\/06\\/16\\/11_02_38.jpg\"', 'پارکت', 1397, 1, 0, '۲۰۰ متر', 4, 0, 'ایرانی و فرنگی', NULL, 0, 0, 1, 3, 2, 0, '2021-09-06 15:49:52', '2021-09-07 06:32:16', NULL),
(3, 'ویلایی و شیک و مدرن', '<style type=\"text/css\">0\r\n</style>\r\n<p>بسیار عالی . حیاط بزرگ . سه پارکینگ مجزا . منظره بی نظیر . آسانسور . تک واحدی</p>\r\n\r\n<p>&nbsp;</p>', 'تهرانپارس فلکه دوم خیابان سوم پلاک ۴ واحد 2', '100000000000060654', '\"storage\\/images\\/advertises1\\/1400\\/06\\/16\\/11_04_48.jpg\"', 'پارکت و ...', 1380, 1, 1, '۲۰۰0 متر', 10, 0, 'ایرانی', NULL, 0, 0, 1, 4, 2, 0, '2021-09-06 15:52:35', '2021-09-07 06:34:23', NULL),
(4, 'تازه ساخت', '<style type=\"text/css\">0\r\n</style>\r\n<p>یاط بزرگ . سه پارکینگ مجزا . منظره بی نظیر . آسانسور . تک واحدیبسیار عالی . ح</p>', 'تهرانپارس فلکه دوم خیابان سوم پلاک ۴ واحد 2', '10000000000332111223', '\"storage\\/images\\/advertises1\\/1400\\/06\\/16\\/11_02_26.jpg\"', 'پارکت', 1399, 1, 0, '۲۰۰ متر', 6, 1, 'فرنگی', NULL, 0, 0, 1, 4, 2, 0, '2021-09-06 15:54:26', '2021-09-07 06:32:45', NULL),
(5, 'مدرن و با قیمت مقرون به صرفه', '<style type=\"text/css\">0\r\n</style>\r\n<p>بی نظیر . آسانسور . تک واحدیبی نظیر . آسانسور . تک واحدی</p>\r\n\r\n<p>بی نظیر . آسانسور . تک واحدی</p>\r\n\r\n<p>بی نظیر . آسانسور . تک واحدی</p>', 'تهرانپارس فلکه دوم خیابان سوم پلاک ۴ واحد 2', '50000000000', '\"storage\\/images\\/advertises1\\/1400\\/06\\/16\\/11_03_27.jpg\"', 'پارکت', 1375, 0, 0, '2000 متر', 3, 0, 'ایرانی', NULL, 0, 0, 1, 4, 2, 0, '2021-09-06 15:55:43', '2021-09-07 06:33:36', NULL),
(6, 'قدیمی ولی بازسازی شده', '<style type=\"text/css\">0\r\n</style>\r\n<p>بسیار عالی . حیاط بزرگ . سه پارکینگ مجزا . منظره بی نظیر . آسانسور . تک واحدی</p>\r\n\r\n<p>بسیار عالی . حیاط بزرگ . سه پارکینگ مجزا . منظره بی نظیر . آسانسور . تک واحدی</p>\r\n\r\n<p>بسیار عالی . حیاط بزرگ . سه پارکینگ مجزا . منظره بی نظیر . آسانسور . تک واحدی</p>', 'تهرانپارس فلکه دوم خیابان سوم پلاک ۴ واحد 2', '5000000006000', '\"storage\\/images\\/advertises1\\/1400\\/06\\/16\\/11_03_36.jpg\"', 'پارکت', 1350, 0, 0, '۲۰۰ متر', 4, 1, 'ایرانی', NULL, 0, 0, 1, 4, 2, 0, '2021-09-06 15:57:18', '2021-09-07 06:33:16', NULL),
(7, 'تازه ساخت', '<style type=\"text/css\">0\r\n</style>\r\n<p>بسیار عالی . حیاط بزرگ . سه پارکینگ مجزا . منظره بی نظیر . آسانسور . تک واحدی</p>\r\n\r\n<p>&nbsp;</p>', 'تهرانپارس فلکه دوم خیابان سوم پلاک ۴ واحد 2', '3020000000000000000', '\"storage\\/images\\/advertises1\\/1400\\/06\\/16\\/11_03_55.jpg\"', 'پارکت', 1395, 1, 0, '۲۰۰ متر', 6, 1, 'ایرانی', NULL, 0, 0, 1, 4, 2, 0, '2021-09-06 15:58:16', '2021-09-07 06:33:01', NULL),
(8, 'آپارتمان تازه ساخت', '<style type=\"text/css\">0\r\n</style>\r\n<p>بسیار عالی . حیاط بزرگ . سه پارکینگ مجزا . منظره بی نظیر . آسانسور . تک واحدی</p>\r\n\r\n<p>بسیار عالی . حیاط بزرگ . سه پارکینگ مجزا . منظره بی نظیر . آسانسور . تک واحدی</p>\r\n\r\n<p>بسیار عالی . حیاط بزرگ . سه پارکینگ مجزا . منظره بی نظیر . آسانسور . تک واحدی</p>', 'تهرانپارس فلکه دوم خیابان سوم پلاک ۴ واحد 2', '600000000000000000000000', '\"storage\\/images\\/advertises1\\/1400\\/06\\/16\\/11_05_11.jpg\"', 'پارکت', 1390, 1, 1, '۲۰۰ متر', 20, 1, 'ایرانی و فرنگی', NULL, 0, 1, 0, 3, 2, 0, '2021-09-06 15:59:38', '2021-09-07 06:38:48', NULL),
(9, 'مدرن و با قیمت مقرون به صرفه', '<style type=\"text/css\">0\r\n</style>\r\n<p>بسیار عالی . حیاط بزرگ . سه پارکینگ مجزا . منظره بی نظیر . آسانسور . تک واحدی</p>\r\n\r\n<p>بسیار عالی . حیاط بزرگ . سه پارکینگ مجزا . منظره بی نظیر . آسانسور . تک واحدی</p>\r\n\r\n<p>بسیار عالی . حیاط بزرگ . سه پارکینگ مجزا . منظره بی نظیر . آسانسور . تک واحدی</p>', 'تهرانپارس فلکه دوم خیابان سوم پلاک ۴ واحد 2', '10000000000000050', '\"storage\\/images\\/advertises1\\/1400\\/06\\/16\\/11_03_17.jpg\"', 'پارکت', 1400, 0, 0, '۲۰۰ متر', 10, 1, 'ایرانی و فرنگی', NULL, 0, 0, 1, 4, 2, 0, '2021-09-06 16:01:14', '2021-09-07 06:33:55', NULL);

-- --------------------------------------------------------

--
-- Table structure for table `categories`
--

CREATE TABLE `categories` (
  `id` bigint(20) UNSIGNED NOT NULL,
  `name` varchar(255) COLLATE utf8mb4_unicode_ci NOT NULL,
  `created_at` timestamp NULL DEFAULT NULL,
  `updated_at` timestamp NULL DEFAULT NULL,
  `deleted_at` timestamp NULL DEFAULT NULL
) ENGINE=InnoDB DEFAULT CHARSET=utf8mb4 COLLATE=utf8mb4_unicode_ci;

--
-- Dumping data for table `categories`
--

INSERT INTO `categories` (`id`, `name`, `created_at`, `updated_at`, `deleted_at`) VALUES
(3, 'آپارتمان', '2021-09-06 14:51:10', '2021-09-06 14:51:10', NULL),
(4, 'ویلایی', '2021-09-06 14:51:20', '2021-09-06 14:51:20', NULL),
(5, 'زمین', '2021-09-06 15:26:47', '2021-09-06 15:26:47', NULL),
(6, 'سوله', '2021-09-06 15:26:55', '2021-09-06 15:26:55', NULL),
(7, 'خبری', '2021-09-06 15:27:08', '2021-09-06 15:27:08', NULL),
(8, 'اقتصادی', '2021-09-06 15:27:17', '2021-09-06 15:27:17', NULL),
(9, 'ورزشی', '2021-09-06 15:27:26', '2021-09-06 15:27:26', NULL),
(10, 'سینما', '2021-09-06 15:27:35', '2021-09-06 15:27:35', NULL);

-- --------------------------------------------------------

--
-- Table structure for table `comments`
--

CREATE TABLE `comments` (
  `id` bigint(20) UNSIGNED NOT NULL,
  `post_id` bigint(20) UNSIGNED NOT NULL,
  `user_id` bigint(20) UNSIGNED NOT NULL,
  `comment` text COLLATE utf8mb4_unicode_ci NOT NULL,
  `parent_id` bigint(20) UNSIGNED DEFAULT NULL,
  `status` tinyint(4) NOT NULL DEFAULT 0,
  `approved` tinyint(4) NOT NULL DEFAULT 0,
  `created_at` timestamp NULL DEFAULT NULL,
  `updated_at` timestamp NULL DEFAULT NULL
) ENGINE=InnoDB DEFAULT CHARSET=utf8mb4 COLLATE=utf8mb4_unicode_ci;

--
-- Dumping data for table `comments`
--

INSERT INTO `comments` (`id`, `post_id`, `user_id`, `comment`, `parent_id`, `status`, `approved`, `created_at`, `updated_at`) VALUES
(13, 8, 8, 'عجب!', NULL, 0, 0, '2021-09-08 13:16:54', '2021-09-08 13:16:54'),
(14, 8, 8, 'وزارت بهداشت', 13, 0, 0, '2021-09-08 13:18:18', '2021-09-08 13:18:18'),
(15, 8, 8, 'بازیکنان آرژانتین باید از خاک این کشور اخراج شوند.', 14, 0, 0, '2021-09-08 13:18:35', '2021-09-08 13:18:35'),
(16, 8, 8, '. بازیکنان این تیم از جمله مسی به ورود آنها در میانه بازی اعتراض داشتند', NULL, 0, 0, '2021-09-08 13:18:51', '2021-09-08 13:18:51'),
(17, 8, 8, 'از روز شنبه به هتل محل اقامت تیم ملی آرژانتین رفت', NULL, 0, 0, '2021-09-08 13:19:07', '2021-09-08 13:19:07'),
(18, 8, 8, 'تیم ملی پیش از این تصمیم گرفته بود در', 15, 0, 0, '2021-09-08 13:19:36', '2021-09-08 13:19:36'),
(19, 8, 8, 'تیم ملی آرژانتین', 18, 0, 0, '2021-09-08 13:19:51', '2021-09-08 13:19:51'),
(23, 8, 8, 'بازیکنان این تیم از جمله مسی به ورود آنها در میانه بازی اعتراض داشتند', NULL, 0, 0, '2021-09-08 13:37:03', '2021-09-08 13:37:03'),
(24, 8, 8, 'قامات سن پائولو قویا اعتقاد داشتند که بازیکنان آرژانتین باید از خاک این کشور اخراج شوند', 23, 0, 0, '2021-09-08 13:37:21', '2021-09-08 13:37:21'),
(25, 8, 8, 'در طول شیوع جهانی ویروس کرونا', 19, 0, 0, '2021-09-08 13:38:23', '2021-09-08 13:38:23'),
(27, 8, 8, 'چون چهار بازیکن این تیم به دلیل حضور در انگلیس اجازه ورود به خاک برزیل را نداشتند.', NULL, 0, 0, '2021-09-08 13:39:00', '2021-09-08 13:39:00');

-- --------------------------------------------------------

--
-- Table structure for table `failed_jobs`
--

CREATE TABLE `failed_jobs` (
  `id` bigint(20) UNSIGNED NOT NULL,
  `uuid` varchar(255) COLLATE utf8mb4_unicode_ci NOT NULL,
  `connection` text COLLATE utf8mb4_unicode_ci NOT NULL,
  `queue` text COLLATE utf8mb4_unicode_ci NOT NULL,
  `payload` longtext COLLATE utf8mb4_unicode_ci NOT NULL,
  `exception` longtext COLLATE utf8mb4_unicode_ci NOT NULL,
  `failed_at` timestamp NOT NULL DEFAULT current_timestamp()
) ENGINE=InnoDB DEFAULT CHARSET=utf8mb4 COLLATE=utf8mb4_unicode_ci;

-- --------------------------------------------------------

--
-- Table structure for table `galleries`
--

CREATE TABLE `galleries` (
  `id` bigint(20) UNSIGNED NOT NULL,
  `image` text COLLATE utf8mb4_unicode_ci NOT NULL,
  `advertise_id` bigint(20) UNSIGNED NOT NULL,
  `created_at` timestamp NULL DEFAULT NULL,
  `updated_at` timestamp NULL DEFAULT NULL
) ENGINE=InnoDB DEFAULT CHARSET=utf8mb4 COLLATE=utf8mb4_unicode_ci;

--
-- Dumping data for table `galleries`
--

INSERT INTO `galleries` (`id`, `image`, `advertise_id`, `created_at`, `updated_at`) VALUES
(44, '\"storage\\/images\\/galleries\\/1400\\/06\\/17\\/11_36_4.jpg\"', 9, '2021-09-08 07:06:08', '2021-09-08 07:06:08'),
(45, '\"storage\\/images\\/galleries\\/1400\\/06\\/17\\/11_36_54.jpg\"', 9, '2021-09-08 07:06:08', '2021-09-08 07:06:08'),
(46, '\"storage\\/images\\/galleries\\/1400\\/06\\/17\\/11_36_26.jpg\"', 9, '2021-09-08 07:06:08', '2021-09-08 07:06:08'),
(47, '\"storage\\/images\\/galleries\\/1400\\/06\\/17\\/11_36_50.jpg\"', 9, '2021-09-08 07:06:08', '2021-09-08 07:06:08'),
(48, '\"storage\\/images\\/galleries\\/1400\\/06\\/17\\/11_36_60.jpg\"', 9, '2021-09-08 07:06:08', '2021-09-08 07:06:08'),
(49, '\"storage\\/images\\/galleries\\/1400\\/06\\/17\\/11_38_51.jpg\"', 8, '2021-09-08 07:08:18', '2021-09-08 07:08:18'),
(50, '\"storage\\/images\\/galleries\\/1400\\/06\\/17\\/11_38_23.jpg\"', 8, '2021-09-08 07:08:18', '2021-09-08 07:08:18'),
(51, '\"storage\\/images\\/galleries\\/1400\\/06\\/17\\/11_38_46.jpg\"', 8, '2021-09-08 07:08:18', '2021-09-08 07:08:18'),
(52, '\"storage\\/images\\/galleries\\/1400\\/06\\/17\\/11_38_51.jpg\"', 8, '2021-09-08 07:08:18', '2021-09-08 07:08:18'),
(53, '\"storage\\/images\\/galleries\\/1400\\/06\\/17\\/11_38_18.jpg\"', 8, '2021-09-08 07:08:18', '2021-09-08 07:08:18'),
(54, '\"storage\\/images\\/galleries\\/1400\\/06\\/17\\/11_38_8.jpg\"', 7, '2021-09-08 07:08:46', '2021-09-08 07:08:46'),
(55, '\"storage\\/images\\/galleries\\/1400\\/06\\/17\\/11_38_20.jpg\"', 7, '2021-09-08 07:08:46', '2021-09-08 07:08:46'),
(56, '\"storage\\/images\\/galleries\\/1400\\/06\\/17\\/11_38_40.jpg\"', 7, '2021-09-08 07:08:46', '2021-09-08 07:08:46'),
(57, '\"storage\\/images\\/galleries\\/1400\\/06\\/17\\/11_38_4.jpg\"', 7, '2021-09-08 07:08:46', '2021-09-08 07:08:46'),
(58, '\"storage\\/images\\/galleries\\/1400\\/06\\/17\\/11_39_52.jpg\"', 6, '2021-09-08 07:09:04', '2021-09-08 07:09:04'),
(59, '\"storage\\/images\\/galleries\\/1400\\/06\\/17\\/11_39_51.jpg\"', 6, '2021-09-08 07:09:05', '2021-09-08 07:09:05'),
(60, '\"storage\\/images\\/galleries\\/1400\\/06\\/17\\/11_39_41.jpg\"', 6, '2021-09-08 07:09:05', '2021-09-08 07:09:05'),
(61, '\"storage\\/images\\/galleries\\/1400\\/06\\/17\\/11_39_32.jpg\"', 6, '2021-09-08 07:09:05', '2021-09-08 07:09:05'),
(62, '\"storage\\/images\\/galleries\\/1400\\/06\\/17\\/11_39_5.jpg\"', 5, '2021-09-08 07:09:45', '2021-09-08 07:09:45'),
(63, '\"storage\\/images\\/galleries\\/1400\\/06\\/17\\/11_39_36.jpg\"', 5, '2021-09-08 07:09:45', '2021-09-08 07:09:45'),
(64, '\"storage\\/images\\/galleries\\/1400\\/06\\/17\\/11_39_35.jpg\"', 5, '2021-09-08 07:09:45', '2021-09-08 07:09:45'),
(65, '\"storage\\/images\\/galleries\\/1400\\/06\\/17\\/11_39_19.jpg\"', 5, '2021-09-08 07:09:45', '2021-09-08 07:09:45'),
(66, '\"storage\\/images\\/galleries\\/1400\\/06\\/17\\/11_40_38.jpg\"', 4, '2021-09-08 07:10:30', '2021-09-08 07:10:30'),
(67, '\"storage\\/images\\/galleries\\/1400\\/06\\/17\\/11_40_21.jpg\"', 4, '2021-09-08 07:10:30', '2021-09-08 07:10:30'),
(68, '\"storage\\/images\\/galleries\\/1400\\/06\\/17\\/11_40_45.jpg\"', 4, '2021-09-08 07:10:30', '2021-09-08 07:10:30'),
(69, '\"storage\\/images\\/galleries\\/1400\\/06\\/17\\/11_40_26.jpg\"', 4, '2021-09-08 07:10:30', '2021-09-08 07:10:30'),
(70, '\"storage\\/images\\/galleries\\/1400\\/06\\/17\\/11_59_4.jpg\"', 3, '2021-09-08 07:29:52', '2021-09-08 07:29:52'),
(71, '\"storage\\/images\\/galleries\\/1400\\/06\\/17\\/11_59_22.jpg\"', 3, '2021-09-08 07:29:52', '2021-09-08 07:29:52'),
(72, '\"storage\\/images\\/galleries\\/1400\\/06\\/17\\/12_00_1.jpg\"', 1, '2021-09-08 07:30:32', '2021-09-08 07:30:32'),
(73, '\"storage\\/images\\/galleries\\/1400\\/06\\/17\\/12_00_35.jpg\"', 1, '2021-09-08 07:30:32', '2021-09-08 07:30:32'),
(74, '\"storage\\/images\\/galleries\\/1400\\/06\\/17\\/12_00_48.jpg\"', 1, '2021-09-08 07:30:32', '2021-09-08 07:30:32'),
(75, '\"storage\\/images\\/galleries\\/1400\\/06\\/17\\/12_00_12.jpg\"', 1, '2021-09-08 07:30:32', '2021-09-08 07:30:32'),
(76, '\"storage\\/images\\/galleries\\/1400\\/06\\/17\\/12_00_35.jpg\"', 2, '2021-09-08 07:30:54', '2021-09-08 07:30:54'),
(77, '\"storage\\/images\\/galleries\\/1400\\/06\\/17\\/12_00_37.jpg\"', 2, '2021-09-08 07:30:54', '2021-09-08 07:30:54');

-- --------------------------------------------------------

--
-- Table structure for table `menus`
--

CREATE TABLE `menus` (
  `id` bigint(20) UNSIGNED NOT NULL,
  `type` enum('footer','header') COLLATE utf8mb4_unicode_ci NOT NULL,
  `url` varchar(255) COLLATE utf8mb4_unicode_ci NOT NULL,
  `name` varchar(255) COLLATE utf8mb4_unicode_ci NOT NULL,
  `parent_id` bigint(20) UNSIGNED DEFAULT NULL,
  `slug` varchar(255) COLLATE utf8mb4_unicode_ci NOT NULL,
  `created_at` timestamp NULL DEFAULT NULL,
  `updated_at` timestamp NULL DEFAULT NULL
) ENGINE=InnoDB DEFAULT CHARSET=utf8mb4 COLLATE=utf8mb4_unicode_ci;

--
-- Dumping data for table `menus`
--

INSERT INTO `menus` (`id`, `type`, `url`, `name`, `parent_id`, `slug`, `created_at`, `updated_at`) VALUES
(1, 'header', '/', 'خانه', NULL, 'خانه', '2021-09-06 08:09:40', '2021-09-06 08:09:40'),
(2, 'header', 'about', 'درباره ما', NULL, 'درباره-ما', '2021-09-06 08:09:51', '2021-09-06 08:09:51'),
(3, 'header', 'advertises', 'آگهی ها', NULL, 'آگهی-ها', '2021-09-06 08:10:04', '2021-09-06 08:10:04'),
(4, 'header', 'posts', 'بلاگ', NULL, 'بلاگ', '2021-09-06 08:10:19', '2021-09-06 08:10:19');

-- --------------------------------------------------------

--
-- Table structure for table `migrations`
--

CREATE TABLE `migrations` (
  `id` int(10) UNSIGNED NOT NULL,
  `migration` varchar(255) COLLATE utf8mb4_unicode_ci NOT NULL,
  `batch` int(11) NOT NULL
) ENGINE=InnoDB DEFAULT CHARSET=utf8mb4 COLLATE=utf8mb4_unicode_ci;

--
-- Dumping data for table `migrations`
--

INSERT INTO `migrations` (`id`, `migration`, `batch`) VALUES
(1, '2014_10_12_000000_create_users_table', 1),
(2, '2014_10_12_100000_create_password_resets_table', 1),
(3, '2014_10_12_200000_add_two_factor_columns_to_users_table', 1),
(4, '2019_08_19_000000_create_failed_jobs_table', 1),
(5, '2019_12_14_000001_create_personal_access_tokens_table', 1),
(6, '2021_07_19_084742_create_categories_table', 1),
(7, '2021_07_19_084822_create_advertises_table', 1),
(8, '2021_07_19_084859_create_posts_table', 1),
(9, '2021_07_19_084912_create_comments_table', 1),
(10, '2021_07_19_084931_create_galleries_table', 1),
(11, '2021_07_19_134759_create_settings_table', 1),
(12, '2021_07_22_152625_drop_name_from_users_table', 1),
(13, '2021_07_22_152708_add_first_name_last_name_to_users_table', 1),
(14, '2021_07_22_161944_modify_column_area_advertises_table', 1),
(15, '2021_07_22_162237_modify_column_room_advertises_table', 1),
(16, '2021_07_22_220050_nullable_tag_column_advertises_table', 1),
(17, '2021_08_02_153550_create_slides_table', 1),
(18, '2021_08_02_212136_add_approved_to_users_table', 1),
(19, '2021_08_12_214257_create_roles_table', 1),
(20, '2021_08_12_214303_create_permissions_table', 1),
(21, '2021_08_12_214310_permission_role_table', 1),
(22, '2021_08_12_215824_create_permission_user_table', 1),
(23, '2021_08_12_221212_add_role_id_to_users_table', 1),
(25, '2021_08_16_202626_add_social_login_field_to_users_table', 1),
(26, '2021_08_16_205953_make_password_nullable_users_table', 1),
(27, '2021_08_16_215953_add_slug_posts_table', 1),
(28, '2021_08_28_234036_remove_url_image_title_address_description_amount_from_slides_table', 1),
(29, '2021_08_28_234112_add_advertise_id_to_slides_table', 1),
(30, '2021_09_02_145351_create_menus_table', 1),
(31, '2021_09_02_150948_add_slug_to_menus_table', 1),
(32, '2021_09_04_120313_change_type_short_description_to_text_settings_table', 1),
(33, '2021_09_04_120449_change_type_long_description_to_text_settings_table', 1),
(34, '2021_09_05_124825_add_phone_to_users_table', 1),
(38, '2021_09_06_124413_drop_parent_id_categories_table', 2),
(56, '2021_09_09_110719_add_show_phone_and_show_email_to_users_table', 3);

-- --------------------------------------------------------

--
-- Table structure for table `password_resets`
--

CREATE TABLE `password_resets` (
  `email` varchar(255) COLLATE utf8mb4_unicode_ci NOT NULL,
  `token` varchar(255) COLLATE utf8mb4_unicode_ci NOT NULL,
  `created_at` timestamp NULL DEFAULT NULL
) ENGINE=InnoDB DEFAULT CHARSET=utf8mb4 COLLATE=utf8mb4_unicode_ci;

-- --------------------------------------------------------

--
-- Table structure for table `permissions`
--

CREATE TABLE `permissions` (
  `id` bigint(20) UNSIGNED NOT NULL,
  `name` varchar(255) COLLATE utf8mb4_unicode_ci NOT NULL,
  `created_at` timestamp NULL DEFAULT NULL,
  `updated_at` timestamp NULL DEFAULT NULL
) ENGINE=InnoDB DEFAULT CHARSET=utf8mb4 COLLATE=utf8mb4_unicode_ci;

--
-- Dumping data for table `permissions`
--

INSERT INTO `permissions` (`id`, `name`, `created_at`, `updated_at`) VALUES
(1, 'category_view_any', '2021-09-06 07:57:56', '2021-09-06 07:57:56'),
(2, 'category_create', '2021-09-06 07:57:56', '2021-09-06 07:57:56'),
(3, 'category_update', '2021-09-06 07:57:56', '2021-09-06 07:57:56'),
(4, 'category_delete', '2021-09-06 07:57:57', '2021-09-06 07:57:57'),
(5, 'category_restore', '2021-09-06 07:57:57', '2021-09-06 07:57:57'),
(6, 'category_force_delete', '2021-09-06 07:57:57', '2021-09-06 07:57:57'),
(7, 'post_view_any', '2021-09-06 07:57:57', '2021-09-06 07:57:57'),
(8, 'post_access_all', '2021-09-06 07:57:57', '2021-09-06 07:57:57'),
(9, 'post_view', '2021-09-06 07:57:57', '2021-09-06 07:57:57'),
(10, 'post_create', '2021-09-06 07:57:57', '2021-09-06 07:57:57'),
(11, 'post_update', '2021-09-06 07:57:57', '2021-09-06 07:57:57'),
(12, 'post_delete', '2021-09-06 07:57:57', '2021-09-06 07:57:57'),
(13, 'post_restore', '2021-09-06 07:57:57', '2021-09-06 07:57:57'),
(14, 'post_force_delete', '2021-09-06 07:57:57', '2021-09-06 07:57:57'),
(15, 'comment_view_any', '2021-09-06 07:57:57', '2021-09-06 07:57:57'),
(16, 'comment_view', '2021-09-06 07:57:57', '2021-09-06 07:57:57'),
(17, 'comment_view_all', '2021-09-06 07:57:57', '2021-09-06 07:57:57'),
(18, 'comment_reply', '2021-09-06 07:57:57', '2021-09-06 07:57:57'),
(19, 'comment_approved', '2021-09-06 07:57:57', '2021-09-06 07:57:57'),
(20, 'advertise_view_any', '2021-09-06 07:57:57', '2021-09-06 07:57:57'),
(21, 'advertise_view', '2021-09-06 07:57:57', '2021-09-06 07:57:57'),
(22, 'advertise_access_all', '2021-09-06 07:57:57', '2021-09-06 07:57:57'),
(23, 'advertise_create', '2021-09-06 07:57:58', '2021-09-06 07:57:58'),
(24, 'advertise_update', '2021-09-06 07:57:58', '2021-09-06 07:57:58'),
(25, 'advertise_delete', '2021-09-06 07:57:58', '2021-09-06 07:57:58'),
(26, 'advertise_restore', '2021-09-06 07:57:58', '2021-09-06 07:57:58'),
(27, 'advertise_force_delete', '2021-09-06 07:57:58', '2021-09-06 07:57:58'),
(28, 'slide_view_any', '2021-09-06 07:57:58', '2021-09-06 07:57:58'),
(29, 'slide_add', '2021-09-06 07:57:58', '2021-09-06 07:57:58'),
(30, 'user_view_any', '2021-09-06 07:57:58', '2021-09-06 07:57:58'),
(31, 'user_approved', '2021-09-06 07:57:58', '2021-09-06 07:57:58'),
(32, 'user_update', '2021-09-06 07:57:58', '2021-09-06 07:57:58'),
(33, 'slide_delete', '2021-09-06 07:57:58', '2021-09-06 07:57:58'),
(34, 'menu_view_any', '2021-09-06 07:57:58', '2021-09-06 07:57:58'),
(35, 'menu_create', '2021-09-06 07:57:58', '2021-09-06 07:57:58'),
(36, 'menu_update', '2021-09-06 07:57:58', '2021-09-06 07:57:58'),
(37, 'menu_delete', '2021-09-06 07:57:58', '2021-09-06 07:57:58');

-- --------------------------------------------------------

--
-- Table structure for table `permission_role`
--

CREATE TABLE `permission_role` (
  `permission_id` bigint(20) UNSIGNED NOT NULL,
  `role_id` bigint(20) UNSIGNED NOT NULL
) ENGINE=InnoDB DEFAULT CHARSET=utf8mb4 COLLATE=utf8mb4_unicode_ci;

--
-- Dumping data for table `permission_role`
--

INSERT INTO `permission_role` (`permission_id`, `role_id`) VALUES
(20, 1),
(21, 1),
(23, 1),
(24, 1),
(25, 1),
(26, 1),
(27, 1),
(7, 3),
(9, 3),
(10, 3),
(11, 3),
(12, 3),
(13, 3),
(14, 3),
(15, 3),
(16, 3),
(18, 3),
(19, 3),
(20, 4),
(22, 4),
(23, 4),
(24, 4),
(25, 4),
(26, 4),
(27, 4);

-- --------------------------------------------------------

--
-- Table structure for table `permission_user`
--

CREATE TABLE `permission_user` (
  `permission_id` bigint(20) UNSIGNED NOT NULL,
  `user_id` bigint(20) UNSIGNED NOT NULL
) ENGINE=InnoDB DEFAULT CHARSET=utf8mb4 COLLATE=utf8mb4_unicode_ci;

-- --------------------------------------------------------

--
-- Table structure for table `personal_access_tokens`
--

CREATE TABLE `personal_access_tokens` (
  `id` bigint(20) UNSIGNED NOT NULL,
  `tokenable_type` varchar(255) COLLATE utf8mb4_unicode_ci NOT NULL,
  `tokenable_id` bigint(20) UNSIGNED NOT NULL,
  `name` varchar(255) COLLATE utf8mb4_unicode_ci NOT NULL,
  `token` varchar(64) COLLATE utf8mb4_unicode_ci NOT NULL,
  `abilities` text COLLATE utf8mb4_unicode_ci DEFAULT NULL,
  `last_used_at` timestamp NULL DEFAULT NULL,
  `created_at` timestamp NULL DEFAULT NULL,
  `updated_at` timestamp NULL DEFAULT NULL
) ENGINE=InnoDB DEFAULT CHARSET=utf8mb4 COLLATE=utf8mb4_unicode_ci;

-- --------------------------------------------------------

--
-- Table structure for table `posts`
--

CREATE TABLE `posts` (
  `id` bigint(20) UNSIGNED NOT NULL,
  `title` varchar(255) COLLATE utf8mb4_unicode_ci NOT NULL,
  `slug` varchar(255) COLLATE utf8mb4_unicode_ci NOT NULL,
  `body` text COLLATE utf8mb4_unicode_ci NOT NULL,
  `image` varchar(255) COLLATE utf8mb4_unicode_ci NOT NULL,
  `cat_id` bigint(20) UNSIGNED NOT NULL,
  `user_id` bigint(20) UNSIGNED NOT NULL,
  `published_at` timestamp NOT NULL DEFAULT current_timestamp() ON UPDATE current_timestamp(),
  `status` tinyint(4) NOT NULL DEFAULT 0,
  `created_at` timestamp NULL DEFAULT NULL,
  `updated_at` timestamp NULL DEFAULT NULL,
  `deleted_at` timestamp NULL DEFAULT NULL
) ENGINE=InnoDB DEFAULT CHARSET=utf8mb4 COLLATE=utf8mb4_unicode_ci;

--
-- Dumping data for table `posts`
--

INSERT INTO `posts` (`id`, `title`, `slug`, `body`, `image`, `cat_id`, `user_id`, `published_at`, `status`, `created_at`, `updated_at`, `deleted_at`) VALUES
(2, 'قیمت مسکن در تهران ماهانه ۳ درصد رشد کرد', 'قیمت-مسکن-در-تهران-ماهانه-۳-درصد-رشد-کرد', '<h2>قیمت مسکن در تهران ماهانه ۳ درصد رشد کرد</h2>\r\n\r\n<p>&nbsp;</p>\r\n\r\n<p>در ۱۲ ماهه منتهی به دی ماه ۱۳۹۸ میانگین قیمت مسکن در شهر تهران، ماهانه ۳.۱ درصد افزایش پیدا کرده است. به گزارش تجارت&zwnj;نیوز، تحولات بازار مسکن در شهر تهران از بهمن ماه ۱۳۹۷ تا دی ماه ۱۳۹۸ نشان می&zwnj;دهد، میانگین رشد متوسط قیمت مسکن به صورت ماه به ماه قبل برای یک دوره ۱۲ ماهه منتهی به دی ماه سال جاری در شهر تهران ۳.۱ درصد رشد بوده است. در این بازه زمانی متوسط قیمت مسکن در اردیبهشت ماه ۱۳۹۸ بیشترین رشد معادل ۱۱.۴ درصد و در شهریور ماه کمترین رشد معادل ۳.۵- را تجربه کرده است. این آمار که از سوی دفتر اقتصاد مسکن وزارت راه و شهرسازی ارائه شده همچنین گویای آن است که میانگین نرخ رشد ۱۲ ماهه قیمت مسکن شهر تهران منتهی به دی ماه ۱۳۹۸ حدود ۵.۵ درصد بوده است. همچنین ارزش ریالی معاملات انجام&zwnj;شده در دی ماه ۱۱ هزار و ۹۲۰ میلیارد تومان بوده که نسبت به ماه مشابه سال قبل ۱۱۱ درصد رشد نشان می دهد.</p>\r\n\r\n<p>&nbsp;</p>\r\n\r\n<p>از میان مناطق ۲۲ گانه شهر تهران منطقه ۱ با ۳۰ میلیون و ۲۲ هزار تومان در هر متر مربع بیشترین و منطقه ۱۸ با ۶ میلیون و ۴۹۰ هزار تومان کمترین متوسط قیمت را داشته&zwnj;اند. این گزارش همچنین حاکی است که مناطق ۱، ۳، ۲، ۶، ۵ و ۴ به ترتیب مناطقی هستند که متوسط قیمت در آنها از متوسط شهر تهران بیشتر بوده است. بیشترین رشد متوسط قیمت در دی ماه ۱۳۹۸ نسبت به ماه مشابه سال قبل به منطقه ۱۶ به میزان ۶۸ درصد تعلق داشته و کمترین میزان رشد نیز در منطقه ۱ به میزان ۳۱ درصد رخ داده است. از سوی دیگر بررسی متوسط قیمت مسکن بر اساس متراژهای مختلف واحدهای مسکونی نشان می&zwnj;دهد، قیمت در دی ماه سال جاری در کلیه بازه&zwnj;ها دارای رشد بوده و واحدهای مسکونی با متراژ کمتر از ۴۰ متر مربع بیشترین رشد قیمت را به میزان ۵۱.۶ درصد و واحدهای با متراژ ۱۶۰ تا ۱۸۰ متر مربع کمترین رشد قیمت را به میزان ۲۶.۲ درصد نسبت به ماه مشابه سال قبل تجربه کرده&zwnj;اند. لازم به ذکر است در دی ماه ۱۳۹۸ تعداد کل معاملات مسکن شهر تهران به ۱۰.۹ هزار واحد رسید که نسبت به ماه قبل ۱۲.۴ درصد نسبت به ماه مشابه سال قبل ۵۸.۲ درصد رشد داشته است. همچنین متوسط قیمت مسکن شهر تهران در دی ماه سال جاری ۱۳.۸ میلیون تومان در هر متر مربع بوده که نسبت به ماه قبل ۳ درصد و نسبت به ماه مشابه سال قبل ۴۲ درصد افزایش داشته است.</p>', '\"storage\\/images\\/posts\\/1400\\/06\\/16\\/12_25_40.jpg\"', 8, 2, '2021-09-06 19:30:00', 0, '2021-09-06 15:33:19', '2021-09-07 07:55:26', NULL),
(3, 'قیمت مسکن در سه ماه دوم سال افزایش نخواهد داشت', 'قیمت-مسکن-در-سه-ماه-دوم-سال-افزایش-نخواهد-داشت', '<h2>قیمت مسکن در سه ماه دوم سال افزایش نخواهد داشت</h2>\r\n\r\n<p>&nbsp;</p>\r\n\r\n<p>در ۱۲ ماهه منتهی به دی ماه ۱۳۹۸ میانگین قیمت مسکن در شهر تهران، ماهانه ۳.۱ درصد افزایش پیدا کرده است. به گزارش تجارت&zwnj;نیوز، تحولات بازار مسکن در شهر تهران از بهمن ماه ۱۳۹۷ تا دی ماه ۱۳۹۸ نشان می&zwnj;دهد، میانگین رشد متوسط قیمت مسکن به صورت ماه به ماه قبل برای یک دوره ۱۲ ماهه منتهی به دی ماه سال جاری در شهر تهران ۳.۱ درصد رشد بوده است. در این بازه زمانی متوسط قیمت مسکن در اردیبهشت ماه ۱۳۹۸ بیشترین رشد معادل ۱۱.۴ درصد و در شهریور ماه کمترین رشد معادل ۳.۵- را تجربه کرده است. این آمار که از سوی دفتر اقتصاد مسکن وزارت راه و شهرسازی ارائه شده همچنین گویای آن است که میانگین نرخ رشد ۱۲ ماهه قیمت مسکن شهر تهران منتهی به دی ماه ۱۳۹۸ حدود ۵.۵ درصد بوده است. همچنین ارزش ریالی معاملات انجام&zwnj;شده در دی ماه ۱۱ هزار و ۹۲۰ میلیارد تومان بوده که نسبت به ماه مشابه سال قبل ۱۱۱ درصد رشد نشان می دهد.</p>\r\n\r\n<p>&nbsp;</p>\r\n\r\n<p>در ۱۲ ماهه منتهی به دی ماه ۱۳۹۸ میانگین قیمت مسکن در شهر تهران، ماهانه ۳.۱ درصد افزایش پیدا کرده است. به گزارش تجارت&zwnj;نیوز، تحولات بازار مسکن در شهر تهران از بهمن ماه ۱۳۹۷ تا دی ماه ۱۳۹۸ نشان می&zwnj;دهد، میانگین رشد متوسط قیمت مسکن به صورت ماه به ماه قبل برای یک دوره ۱۲ ماهه منتهی به دی ماه سال جاری در شهر تهران ۳.۱ درصد رشد بوده است. در این بازه زمانی متوسط قیمت مسکن در اردیبهشت ماه ۱۳۹۸ بیشترین رشد معادل ۱۱.۴ درصد و در شهریور ماه کمترین رشد معادل ۳.۵- را تجربه کرده است. این آمار که از سوی دفتر اقتصاد مسکن وزارت راه و شهرسازی ارائه شده همچنین گویای آن است که میانگین نرخ رشد ۱۲ ماهه قیمت مسکن شهر تهران منتهی به دی ماه ۱۳۹۸ حدود ۵.۵ درصد بوده است. همچنین ارزش ریالی معاملات انجام&zwnj;شده در دی ماه ۱۱ هزار و ۹۲۰ میلیارد تومان بوده که نسبت به ماه مشابه سال قبل ۱۱۱ درصد رشد نشان می دهد.</p>\r\n\r\n<p>&nbsp;</p>', '\"storage\\/images\\/posts\\/1400\\/06\\/16\\/12_25_34.jpg\"', 8, 2, '2021-09-06 19:30:00', 0, '2021-09-06 15:34:20', '2021-09-07 08:24:03', NULL),
(4, 'قیمت مسکن در شیراز ماهانه 20 درصد رشد کرد', 'قیمت-مسکن-در-شیراز-ماهانه-20-درصد-رشد-کرد', '<h2>قیمت مسکن در شیراز ماهانه 20 درصد رشد کرد</h2>\r\n\r\n<p>در ۱۲ ماهه منتهی به دی ماه ۱۳۹۸ میانگین قیمت مسکن در شهر تهران، ماهانه ۳.۱ درصد افزایش پیدا کرده است. به گزارش تجارت&zwnj;نیوز، تحولات بازار مسکن در شهر تهران از بهمن ماه ۱۳۹۷ تا دی ماه ۱۳۹۸ نشان می&zwnj;دهد، میانگین رشد متوسط قیمت مسکن به صورت ماه به ماه قبل برای یک دوره ۱۲ ماهه منتهی به دی ماه سال جاری در شهر تهران ۳.۱ درصد رشد بوده است. در این بازه زمانی متوسط قیمت مسکن در اردیبهشت ماه ۱۳۹۸ بیشترین رشد معادل ۱۱.۴ درصد و در شهریور ماه کمترین رشد معادل ۳.۵- را تجربه کرده است. این آمار که از سوی دفتر اقتصاد مسکن وزارت راه و شهرسازی ارائه شده همچنین گویای آن است که میانگین نرخ رشد ۱۲ ماهه قیمت مسکن شهر تهران منتهی به دی ماه ۱۳۹۸ حدود ۵.۵ درصد بوده است. همچنین ارزش ریالی معاملات انجام&zwnj;شده در دی ماه ۱۱ هزار و ۹۲۰ میلیارد تومان بوده که نسبت به ماه مشابه سال قبل ۱۱۱ درصد رشد نشان می دهد.</p>\r\n\r\n<p>&nbsp;</p>', '\"storage\\/images\\/posts\\/1400\\/06\\/16\\/12_23_12.jpg\"', 7, 2, '2021-09-06 19:30:00', 0, '2021-09-06 15:35:06', '2021-09-07 08:25:17', NULL),
(5, 'قیمت مسکن در سه ماه دوم سال افزایش داشت', 'قیمت-مسکن-در-سه-ماه-دوم-سال-افزایش-داشت', '<h2>قیمت مسکن در سه ماه دوم سال افزایش داشت</h2>\r\n\r\n<p>در ۱۲ ماهه منتهی به دی ماه ۱۳۹۸ میانگین قیمت مسکن در شهر تهران، ماهانه ۳.۱ درصد افزایش پیدا کرده است. به گزارش تجارت&zwnj;نیوز، تحولات بازار مسکن در شهر تهران از بهمن ماه ۱۳۹۷ تا دی ماه ۱۳۹۸ نشان می&zwnj;دهد، میانگین رشد متوسط قیمت مسکن به صورت ماه به ماه قبل برای یک دوره ۱۲ ماهه منتهی به دی ماه سال جاری در شهر تهران ۳.۱ درصد رشد بوده است. در این بازه زمانی متوسط قیمت مسکن در اردیبهشت ماه ۱۳۹۸ بیشترین رشد معادل ۱۱.۴ درصد و در شهریور ماه کمترین رشد معادل ۳.۵- را تجربه کرده است. این آمار که از سوی دفتر اقتصاد مسکن وزارت راه و شهرسازی ارائه شده همچنین گویای</p>\r\n\r\n<p>آن است که میانگین نرخ رشد ۱۲ ماهه قیمت مسکن شهر تهران منتهی به دی ماه ۱۳۹۸ حدود ۵.۵ درصد بوده است. همچنین ارزش ریالی معاملات انجام&zwnj;شده در دی ماه ۱۱ هزار و ۹۲۰ میلیارد تومان بوده که نسبت به ماه مشابه سال قبل ۱۱۱ درصد رشد نشان می دهد.</p>\r\n\r\n<p>&nbsp;</p>\r\n\r\n<p>در ۱۲ ماهه منتهی به دی ماه ۱۳۹۸ میانگین قیمت مسکن در شهر تهران، ماهانه ۳.۱ درصد افزایش پیدا کرده است. به گزارش تجارت&zwnj;نیوز، تحولات بازار مسکن در شهر تهران از بهمن ماه ۱۳۹۷ تا دی ماه ۱۳۹۸ نشان می&zwnj;دهد، میانگین رشد متوسط قیمت مسکن به صورت ماه به ماه قبل برای یک دوره ۱۲ ماهه منتهی به دی ماه سال جاری در شهر تهران ۳.۱ درصد رشد بوده است. در این بازه زمانی متوسط قیمت مسکن در اردیبهشت ماه ۱۳۹۸ بیشترین رشد معادل ۱۱.۴ درصد و در شهریور ماه کمترین رشد معادل ۳.۵- را تجربه کرده است. این آمار که از سوی دفتر اقتصاد مسکن وزارت راه و شهرسازی ارائه شده همچنین گویای آن است که میانگین نرخ رشد ۱۲ ماهه قیمت مسکن شهر تهران منتهی به دی ماه ۱۳۹۸ حدود ۵.۵ درصد بوده است. همچنین ارزش ریالی معاملات انجام&zwnj;شده د</p>\r\n\r\n<p>ر دی ماه ۱۱ هزار و ۹۲۰ میلیارد تومان بوده که نسبت به ماه مشابه سال قبل ۱۱۱ درصد رشد نشان می دهد.</p>\r\n\r\n<p>&nbsp;</p>\r\n\r\n<p>در ۱۲ ماهه منتهی به دی ماه ۱۳۹۸ میانگین قیمت مسکن در شهر تهران، ماهانه ۳.۱ درصد افزایش پیدا کرده است. به گزارش تجارت&zwnj;نیوز، تحولات بازار مسکن در شهر تهران از بهمن ماه ۱۳۹۷ تا دی ماه ۱۳۹۸ نشان می&zwnj;دهد، میانگین رشد متوسط قیمت مسکن به صورت ماه به ماه قبل برای یک دوره ۱۲ ماهه منتهی به دی ماه سال جاری در شهر تهران ۳.۱ درصد رشد بوده است. در این بازه زمانی متوسط قیمت مسکن در اردیبهشت ماه ۱۳۹۸ بیشترین رشد معادل ۱۱.۴ درصد و در شهریور ماه کمترین رشد معادل ۳.۵- را تجربه کرده است. این آمار که از سوی دفتر اقتصاد مسکن وزارت راه و شهرسازی ارائه شده همچنین گویای آن است که میانگین نرخ رشد ۱۲ ماهه قیمت مسکن شهر تهران منتهی به دی ماه ۱۳۹۸ حدود ۵.۵ درصد بوده است. همچنین ارزش ریالی معاملات انجام&zwnj;شده در دی</p>\r\n\r\n<p>ماه ۱۱ هزار و ۹۲۰ میلیارد تومان بوده که نسبت به ماه مشابه سال قبل ۱۱۱ درصد رشد نشان می دهد.</p>\r\n\r\n<p>در ۱۲ ماهه منتهی به دی ماه ۱۳۹۸ میانگین قیمت مسکن در شهر تهران، ماهانه ۳.۱ درصد افزایش پیدا کرده است. به گزارش تجارت&zwnj;نیوز، تحولات بازار مسکن در شهر تهران از بهمن ماه ۱۳۹۷ تا دی ماه ۱۳۹۸ نشان می&zwnj;دهد، میانگین رشد متوسط قیمت مسکن به صورت ماه به ماه قبل برای یک دوره ۱۲ ماهه منتهی به دی ماه سال جاری در شهر تهران ۳.۱ درصد رشد بوده است. در این بازه زمانی متوسط قیمت مسکن در اردیبهش</p>\r\n\r\n<p>ت ماه ۱۳۹۸ بیشترین رشد معادل ۱۱.۴ درصد و در شهریور ماه کمترین رشد معادل ۳.۵- را تجربه کرده است. این آمار که از سوی دفتر اقتصاد مسکن وزارت راه و شهرسازی ارائه شده همچنین گویای آن است که میانگین نرخ رشد ۱۲ ماهه قیمت مسکن شهر تهران منتهی به دی ماه ۱۳۹۸ حدود ۵.۵ درصد بوده است. همچنین ارزش ریالی معاملات انجام&zwnj;شده در دی ماه ۱۱ هزار و ۹۲۰ میلیارد تومان بوده که نسبت به ماه مشابه سال قبل ۱۱۱ درصد رشد نشان می دهد.</p>\r\n\r\n<p>&nbsp;</p>', '\"storage\\/images\\/posts\\/1400\\/06\\/16\\/12_23_49.jpg\"', 7, 2, '2021-09-06 19:30:00', 0, '2021-09-06 15:35:45', '2021-09-07 08:25:46', NULL),
(6, 'کل ایران علیه بهترین سرمربی جهان!', 'کل-ایران-علیه-بهترین-سرمربی-جهان!', '<h2>کل ایران علیه بهترین سرمربی جهان!</h2>\r\n\r\n<p>&nbsp;</p>\r\n\r\n<p>بعد از بازگشت از ایتالیا هم ماجرای دعوت فرهاد قائمی و خط خوردن او از تیم ملی حاشیه ها را به اوج رساند. به هر حال آلکنو با حمایت جامعه والیبال و بعد از یک نشست خبری و جواب دادن به سوالات انتقادی خبرنگاران&nbsp; تیمش را راهی توکیو کرد. &nbsp;</p>\r\n\r\n<p>&nbsp;</p>\r\n\r\n<p>در توکیو هم همه چیز برای ملی پوشان والیبال ایران خوب آغاز شد و با شکست لهستان تصور بر این بود که تیمی متفاوت نسبت به لیگ ملت ها در توکیو به میدان رفته است. با این حال در ادامه تیم ملی روند نزولی در پیش گرفت و در نهایت به کوچکترین خواسته و هدف خود یعنی رفتن به جمع 8 تیم برتر المپیک هم نرسید.</p>\r\n\r\n<p><br />\r\nمشخص بود که بعد از پایان المپیک، آن هم با این ناکامی دیگر خبری از آلکنو روی نیمکت تیم ملی نخواهد بود؛ اگرچه این مربی روسی هم اعلام کرد قصد دارد استراحت کند.</p>\r\n\r\n<p>&nbsp;</p>\r\n\r\n<p>در روزهای اخیر اما اهالی والیبال حسابی علیه ولادیمیر جبهه گرفتند. از میلاد عبادی پور، کاپیتان جدید تیم ملی بگیر که روی آنتن زنده تلویزیون انتخاب آلکنو را اشتباه خواند تا مصطفی کارخانه سرپرست جدید تیم ملی که امروز حسابی به سرمربی روسی حمله کرد و گفت: &laquo;اگر در جلسه آلکنو بودم به او حتما این حرف را می گفتم که تیم هشتم جهان را به دوازدهم جهان تبدیل کردی.&raquo;</p>\r\n\r\n<p>&nbsp;</p>\r\n\r\n<p>البته چیزهایی مثل این در ایران مسبوق به سابقه است. با این حال آن را بیشتر در فوتبال دیده بودیم؛ اینکه مربیان به خودشان اجازه می دهند درباره دیگر مربیان صحبت کنند، به خصوص اگر آن مربیان خارجی باشند و دستشان از ایران کوتاه باشد.<br />\r\nتیم ملی والیبال با ترکیبی دگرگون شده در حال اعزام به مسابقات قهرمانی آسیاست و به نظر می رسد اهالی والیبال هم باید اتفاقاتی که در دوران آلکنو رخ داده را فراموش کنند. باید دید حالا جانشین ایرانی آلکنو می تواند رضایت اهالی والیبال ایران را در پی داشته باشد یا بازهم والیبال برای رسیدن به المپیک بعدی به سراغ مربیان خارجی خواهد رفت.</p>\r\n\r\n<p><img alt=\"\" src=\"https://static2.farakav.com/files/pictures/01641160.jpg\" style=\"height:425px; width:700px\" /></p>\r\n\r\n<p>&nbsp;</p>\r\n\r\n<p>به گزارش &quot;ورزش سه&quot;، وقتی در پاییز 99 فدراسیون والیبال برای پیدا کردن یک گزینه مناسب جهت سرمربیگری تیم ملی در المپیک 2020 توکیو جلسات مختلفی را تشکیل داد و در نهایت به سرمربی تیم قهرمان المپیک 2012 لندن رسید؛ واکنش ها تا بیش از 90 درصد نسبت به انتخاب ولادیمیر آلکنو مثبت بود.</p>\r\n\r\n<p>&nbsp;</p>\r\n\r\n<p>هم کمیته فنی فدراسیون والیبال به انتخاب این مربی رای دادند و هم رسانه ها، بازیکنان و حتی کارشناسان با توجه به کارنامه پرافتخار آلکنو از او به عنوان یک گزینه خوب و به مراتب بهتر از کولاکوویچ برکنار شده، نام بردند. در این میان حتی برخی او را یکی از بهترین مربیان جهان می دانستند که سابقه قهرمانی در المپیک را هم در کارنامه دارد.</p>\r\n\r\n<p>&nbsp;</p>\r\n\r\n<p>همه چیز تا زمان آغاز همکاری رسمی آلکنو با تیم ملی خوب پیش می رفت، اما از اواخر فروردین ماه که قرار بود این مربی روسی به تهران برسد و با چند روز تاخیر این اتفاق افتاد؛ حاشیه ها به تدریج در اطراف تیم ملی بیشتر و بیشتر شد.</p>\r\n\r\n<p>&nbsp;</p>\r\n\r\n<p>از ماجرای خط خوردن چند بازیکن برای لیگ ملت های والیبال بگیر تا نتایج ضعیف و باخت های پیاپی در جریان این رقابت ها که انتقادهای زیادی را در پی داشت. اما فدراسیون از انتخاب خود حمایت می کرد و هدف اصلی را المپیک توکیو می دانست.</p>', '\"storage\\/images\\/posts\\/1400\\/06\\/16\\/12_22_16.jpg\"', 9, 2, '2021-09-06 19:30:00', 0, '2021-09-06 15:39:42', '2021-09-07 08:32:14', NULL),
(7, 'رشید مظاهری از استقلال جدا شد (عکس)', 'رشید-مظاهری-از-استقلال-جدا-شد-(عکس)', '<h1>رشید مظاهری از استقلال جدا شد (عکس)</h1>\r\n\r\n<p>&nbsp;</p>\r\n\r\n<p>به گزارش &quot;ورزش سه&quot;، در حالیکه کاروان استقلال در امارات به سر می برد، حواشی پیرامون این باشگاه پیش از دیدار برابر الهلال به اوج خود رسیده و پس از اینکه رشید مظاهری، محمدحسین مرادمند و محمد دانشگر روز گذشته از سفر به دبی خودداری کرده بودند، حالا خبر می رسد که گلر آبی پوشان قراردادش را با این تیم فسخ کرده است.</p>\r\n\r\n<p><br />\r\nمظاهری که طی هفته های گذشته جلسات فراوانی را به همراه وکیلش با احمد مددی مدیرعامل استقلال برگزار کرد، با مدیران باشگاه به توافق دست پیدا نکرد. قول ها و وعده هایی که مدیران باشگاه برای پرداخت مطالبات این دروازه بان داده بودند عملی نشد و با این وجود، مظاهری تصمیم گرفت تا در تمرینات تیمش حضور پیدا کند.</p>\r\n\r\n<p><br />\r\nگلر آبی ها حتی در این زمینه نیز یک پست اینستاگرامی منتشر و اعلام کرد که قصد دارد به فوتبالش در استقلال ادامه دهد. اما روز گذشته این دروازه بان در حاشیه آخرین تمرین تیم در تهران از پرویز مظلومی عضو هیئت مدیره باشگاه خواست تا به مشکلات مالی بازیکنان توجه کنند که این بار نیز از سوی مظلومی، تنها قول هایی مبنی بر پرداخت مطالبات طی روزهای آینده داده شد.</p>\r\n\r\n<p><br />\r\nحالا مظاهری پس از اینکه از حضور در فرودگاه و سفر به دبی خودداری کرده بود، علاوه بر حذف پست اینستاگرامی که مبنی بر ماندنش در استقلال منتشر کرده بود، قراردادش را نیز به صورت یک طرفه فسخ کرده است تا بدین ترتیب به نظر برسد او و استقلال به پایان کار خود رسیده اند.</p>\r\n\r\n<p>&nbsp;</p>\r\n\r\n<p><img alt=\"\" src=\"https://static2.farakav.com/files/pictures/01632940.jpg\" style=\"height:398px; width:500px\" /></p>\r\n\r\n<p>طلاعاتی که از جلسه چند هفته پیش میان مظاهری و وکیلش با احمد مددی به دست رسیده، نشان می دهد که مدیرعامل استقلال آن زمان به سنگربان تیمش اعلام کرده است که مبلغ قرارداد او رقم بالایی است و این باشگاه قادر به پرداخت آن نیست. مددی از مظاهری درخواست کرده که مجددا از میزان قراردادش بکاهد تا باشگاه بتواند به همکاری خود با این گلر ادامه دهد.</p>\r\n\r\n<p><br />\r\nمسئله ای که با مخالفت مظاهری و وکیل او همراه بوده چرا که سنگربان استقلال پیش از این نیز با درخواست مددی مبلغ قراردادش را کم کرده بود و حتی برخی از آپشن های موجود در این تفاهم نامه را نیز حذف کرده بود. این مسئله باعث شد تا مدیرعامل استقلال خطاب به مظاهری اعلام کند چنانچه او خواستار دریافت مطالباتش است، باشگاه می تواند به جای پرداخت این بدهی ها، رضایت نامه این بازیکن را صادر کند.</p>', '\"storage\\/images\\/posts\\/1400\\/06\\/16\\/12_22_20.jpg\"', 9, 2, '2021-09-06 19:30:00', 0, '2021-09-06 15:41:09', '2021-09-07 07:52:41', NULL),
(8, 'برزیل یا آرژانتین، کدامشان محروم می‌شوند؟', 'برزیل-یا-آرژانتین،-کدامشان-محروم-می‌شوند؟', '<h1>برزیل یا آرژانتین، کدامشان محروم می&zwnj;شوند؟</h1>\r\n\r\n<p>به گزارش &quot;ورزش سه&quot;، جنجال رخ داده در دیدار شب گذشته دو تیم آرژانتین و برزیل در نوع خود بی&zwnj;سابقه بود. بازیکنان برزیل تلاش زیادی کردند تا بازی نیمه کاره رها نشود اما تیم آرژانتین پس از حضور پلیس در ورزشگاه، زمین را ترک کرده و پس از آن نیز بلافاصله به فرودگاه رفت تا برای جلوگیری از دستگیری بازیکنان تیمش، خاک این کشور را ترک کند. در این مطلب شرایط رخ داده را به صورت کامل بررسی می&zwnj;کنیم.</p>\r\n\r\n<p><strong>1. چه اتفاقی در شب فراموش نشدنی 5 سپتامبر 2021 رخ داد؟</strong></p>\r\n\r\n<p>در حالی که پنج دقیقه و 10 ثانیه از آغاز بازی برزیل و آرژانتین گذشته بود، چهار مامور کمیته بهداشت و نیروهای پلیس (ظاهرا مسلح) ناگهان وارد زمین بازی شدند. آنها بازی را متوقف کرده و یکی از آنها به سایرین توضیح داد که سه بازیکن (شامل مارتینز، رومرو و لوسلسو) اجازه بازی ندارند و باید به همراه بوئندیا که روی نیمکت قرار داشت از خاک این کشور اخراج شوند.</p>\r\n\r\n<p>جنجالی به راه افتاد و بازیکنان آرژانتینی و برزیلی درگیر شدند و در نهایت تیم آرژانتین زمین بازی را ترک کرد. دلیل اصلی چنین اتفاقی این بود که این بازیکنان اجازه ورود به خاک برزیل را نداشتند و در هنگام ورود به سائوپائولو در جمعه گذشته در مدارک خود دروغ گفته بودند. و با وجود این که به بازیکنان گفته شد که باید در هتل قرنطینه بمانند اما آنها از این دستور نیز پیروی نکردند.</p>\r\n\r\n<p><img alt=\"\" src=\"https://static2.farakav.com/files/pictures/01641084.jpg\" style=\"height:338px; width:600px\" /></p>\r\n\r\n<p>&nbsp;</p>\r\n\r\n<p>تیم ملی پیش از این تصمیم گرفته بود در صورتی که اجازه بازی به بعضی از بازیکنان داده نشود، آنها نیز در زمین حاضر نشوند و وقتی چنین اتفاقی رخ داد، موضع آنها از قبل مشخص بود. حتی اسکالونی کمی بعد توضیح داد که یکی از مقامات کنفدراسیون فوتبال آمریکای جنوبی از آنها خواسته زمین را ترک کنند تا شرایط از این بدتر نشود. بنابراین خود تیم تصمیم به ترک زمین گرفت. تماس&zwnj;هایی از آرژانتین با تیم گرفته شده و از آنها خواسته شد که خیلی سریع برای جلوگیری از مشکلات بیشتر وارد رختکن شوند.</p>\r\n\r\n<p><img alt=\"\" src=\"https://static2.farakav.com/files/pictures/01641099.jpg\" style=\"height:281px; width:500px\" /></p>\r\n\r\n<p>وزارت بهداشت از روز شنبه به هتل محل اقامت تیم ملی آرژانتین رفت چون چهار بازیکن این تیم به دلیل حضور در انگلیس اجازه ورود به خاک برزیل را نداشتند. ورای موارد توافق شده در کنفدراسیون فوتبال آمریکای جنوبی برای برگزاری مسابقات در طول شیوع جهانی ویروس کرونا، مقامات سن پائولو قویا اعتقاد داشتند که بازیکنان آرژانتین باید از خاک این کشور اخراج شوند. بازیکنان این تیم از جمله مسی به ورود آنها در میانه بازی اعتراض داشتند.</p>', '\"storage\\/images\\/posts\\/1400\\/06\\/16\\/12_22_36.jpg\"', 9, 2, '2021-09-06 19:30:00', 0, '2021-09-06 15:43:30', '2021-09-07 08:34:47', NULL),
(9, 'عکس‌هایی از پرسپولیس که استقلال را گول می‌زند!', 'عکس‌هایی-از-پرسپولیس-که-استقلال-را-گول-می‌زند!', '<h1>عکس&zwnj;هایی از پرسپولیس که استقلال را گول می&zwnj;زند!</h1>\r\n\r\n<p>&nbsp;</p>\r\n\r\n<p>به گزارش &quot;ورزش سه&quot;، وقتی در گوشه&zwnj;ای از مجموعه شهید کاظمی، بازی درون تیمی پنج به پنج در حال برگزاری بود، کمتر خبرنگاری توجهش به تلاش شاگردان یحیی گل&zwnj;محمدی جلب شده بود&nbsp;و اغلب مشغول پرسش&zwnj;های مهم از سرمربی تیم بودند اما دست به یقه شدن ناگهانی رادو و نعمتی عده&zwnj;ای را به این قسمت از زمین کشاند؛ جایی که یک بازی درون تیمی، جنجالی بزرگ آفریده بود.</p>\r\n\r\n<p>&nbsp;</p>\r\n\r\n<p>البته لحظاتی بعد مشخص شد که ماجرا دوستانه است و هیچ جدیتی در این گلاویز شدن وجود ندارد اما مسئله فوتبال برای سیامک، بوژیدار و هم&zwnj;تیمی&zwnj;هایشان بسیار جدی بود؛ اینکه تکلیف مسابقه درون تیمی چه خواهد شد و کدام یک برنده بازی می&zwnj;شوند؟</p>\r\n\r\n<p>در آن لحظه یاران سیامک نعمتی که بازیکنانی چون عیسی آل&zwnj;کثیر، حامد لک، فرشاد فرجی و... نیز عضوی از آن بودند، صاحب یک ضربه پنالتی شدند که به نظر تیم مقابل به ناحق گرفته شده بود. این موضعی بود که حداقل در ظاهر نشان می&zwnj;دادند تا شاید حریف بیخیال پنالتی شود و به قول جوانمردی نشان دهد اما وقتی فهمیدند چنین چیزی رخ نخواهد داد، از یک در دیگر وارد شدند.</p>\r\n\r\n<p><img alt=\"\" src=\"https://static2.farakav.com/files/pictures/watermark/01641140.jpg\" style=\"height:400px; width:600px\" /></p>\r\n\r\n<p>&nbsp;</p>\r\n\r\n<p>بوژیدار رادوشویچ که از زمان ورود پرسپولیس به استادیوم کاظمی در جمع سرخپوشان حضور داشته و یکی از قدیمی&zwnj;های این تیم محسوب می&zwnj;شود، به سمت نقطه پنالتی آمد و با بهانه&zwnj;های عجیب اجازه نداد که سیامک نعمتی پنالتی را بزند.</p>\r\n\r\n<p>او حالا وقتی عکسهایی که امیرحسین خیرخواه عکاس &quot;ورزش سه&quot; از این ماجرا را گرفته، می&zwnj;بیند، قهقهه می&zwnj;زند و درباره اش می&zwnj;گوید: &laquo;اینها جوک هستند! یک بازی فان. البته چقدر جدی نشان می&zwnj;دهیم اما واقعیت این است که بازی کاملا دوستانه بود.&raquo;</p>\r\n\r\n<p>رادو در ادامه با توضیح درباره این فریم&zwnj;ها می&zwnj;گوید: &laquo;واقعیت اینکه آنها صاحب یک ضربه پنالتی شدند و من نمی&zwnj;خواستم که بازنده شویم. بنابراین تصمیم گرفتم به سمت سیامک بروم و حواس او را پرت کنم، تمرکزش را بهم بزنم و استرس را به او وارد کنم. این آخرین راهم بود!&raquo;</p>\r\n\r\n<p>&nbsp;</p>\r\n\r\n<p>وقتی از گلر کروات پرسپولیس می&zwnj;خواهیم که درباره نتیجه هم صحبت کند، با هیجان می&zwnj;گوید: &laquo;پنالتی را سیو کردم. به سمت راست زد و من دستش را خواندم و توپ را گرفتم. خیلی راحت بود. البته بازهم میگویم که کاملا فان بود، سیامک از دوستان خوب من است و این کارهایی است که همیشه در تمرین انجام می&zwnj;شود.&raquo;</p>', '\"storage\\/images\\/posts\\/1400\\/06\\/16\\/12_22_1.jpg\"', 9, 2, '2021-09-06 19:30:00', 0, '2021-09-06 15:45:06', '2021-09-07 08:33:58', NULL),
(10, 'دومین فسخ مظاهری در یک سال چگونه رقم خورد؟', 'دومین-فسخ-مظاهری-در-یک-سال-چگونه-رقم-خورد؟', '<h1>دومین فسخ مظاهری در یک سال چگونه رقم خورد؟</h1>\r\n\r\n<p>&nbsp;</p>\r\n\r\n<p>ه گزارش &quot;ورزش سه&quot;، رشید مظاهری در حالی در نقل و انتقالات تابستانی فصل گذشته به استقلال پیوست که جدایی اش از تراکتور حواشی بسیاری داشت؛ او پیش از پایان فصل و دیدارهای حساس نیمه نهایی و فینال جام حذفی به دلیل مشکل با ساکت الهامی و مدیران باشگاه تراکتور، تبریز را ترک کرد. فسخ یک طرفه قرارداد با تراکتور و پیوستن به استقلال باعث شد تا پای باشگاه آبی پوش پایتخت هم به دعوا باز شود.</p>\r\n\r\n<p>&nbsp;</p>\r\n\r\n<p>بیانیه های شدید دو باشگاه استقلال و تراکتور علیه یکدیگر را در آن مقطع شاهد بودیم و در نهایت پس از کش و قوس های فراوان رشید مظاهری آبی پوش شد. حضور همزمان رشید و سید در استقلال ریسک بزرگی بود که مسئولان باشگاه آن را به جان خریدند؛ او در رقابت با سید حسین حسینی در مقاطعی نیمکت نشین بود و در مقاطعی هم در ترکیب حضور پیدا کرد؛ این رقابت چندان هم دوستانه نبود و پاییز سال گذشته درگیری دو دروازه بان در تمرین حاشیه ساز شد. اختلاف با مربی دروازه بان های سابق یکی از حواشی اولیه رشید در استقلال بود که به شکایت عزیزیان هم منجر شد. در ادامه مظاهری با استقلال ادامه داد تا اینکه فصل به پایان رسید.</p>\r\n\r\n<p>&nbsp;</p>\r\n\r\n<p>در پایان فصل استقلالی ها سراغ یک دروازه بان جوان رفتند و همین موضوع تردیدها را در خصوص ادامه همزمان همکاری با مظاهری و حسینی بیشتر کرد. دعوت های مکرر مظاهری به کمیته انضباطی باشگاه و اقدامات بعدی این بازیکن برای دعوت های بعدی کار را به جاهای باریک کشاند اما حضور رشید در تمرینات کمی شرایط را آرام کرد. معما اما همچنان پیچیده بود چرا که مذاکرات مظاهری با استقلالی ها راه به جایی نبرد و با توجه به آن چه که وکیل او در خصوص دریافت 60 درصد از مطالباتش گفت، امروز خبر از فسخ یک طرفه قرارداد خود با استقلال داد. دروازه بان استقلال در استوری که منتشر کرد اعلام نمود که خیلی دوست داشت در استقلال بماند اما هیچ تلاشی برای این کار از سوی باشگاه نشد. این گونه بود که مظاهری درست 4 روز پس از اینکه گفت 100% در استقلال می ماند برای دومین فصل متوالی با فسخ قرارداد با تیمش قطع همکاری کرد.</p>\r\n\r\n<p>&nbsp;</p>\r\n\r\n<p>حال رشید مظاهری بعد از یک فصل حضور در استقلال که با کشمکش شروع شد داشت و با دشواری ها و اتفاقات متعدد همراه بود به کار خود با این باشگاه پایان داد؛ مصاحبه وکیل او در واکنش به جدایی از استقلال، موارد بسیاری داشت که قابل تامل بودند و به &nbsp;یک نقطه پایان جنجالی برای حضور رشید در استقلال تبدیل شد.</p>', '\"storage\\/images\\/posts\\/1400\\/06\\/16\\/12_21_2.jpg\"', 9, 2, '2021-09-06 19:30:00', 0, '2021-09-06 15:46:17', '2021-09-07 07:51:53', NULL);

-- --------------------------------------------------------

--
-- Table structure for table `roles`
--

CREATE TABLE `roles` (
  `id` bigint(20) UNSIGNED NOT NULL,
  `name` varchar(255) COLLATE utf8mb4_unicode_ci NOT NULL,
  `display_name` varchar(255) COLLATE utf8mb4_unicode_ci DEFAULT NULL,
  `created_at` timestamp NULL DEFAULT NULL,
  `updated_at` timestamp NULL DEFAULT NULL
) ENGINE=InnoDB DEFAULT CHARSET=utf8mb4 COLLATE=utf8mb4_unicode_ci;

--
-- Dumping data for table `roles`
--

INSERT INTO `roles` (`id`, `name`, `display_name`, `created_at`, `updated_at`) VALUES
(1, 'user', 'کاربر عادی', '2021-09-06 07:57:58', '2021-09-06 07:57:58'),
(2, 'admin', 'ادمین', '2021-09-06 07:57:58', '2021-09-06 07:57:58'),
(3, 'author', 'نویسنده', '2021-09-06 07:57:58', '2021-09-06 07:57:58'),
(4, 'sales expert', 'کارشناس فروش', '2021-09-06 07:57:58', '2021-09-06 07:57:58');

-- --------------------------------------------------------

--
-- Table structure for table `settings`
--

CREATE TABLE `settings` (
  `id` bigint(20) UNSIGNED NOT NULL,
  `logo` varchar(255) COLLATE utf8mb4_unicode_ci DEFAULT NULL,
  `site_name` varchar(255) COLLATE utf8mb4_unicode_ci DEFAULT NULL,
  `address` text COLLATE utf8mb4_unicode_ci DEFAULT NULL,
  `phone` varchar(11) COLLATE utf8mb4_unicode_ci DEFAULT NULL,
  `email` varchar(255) COLLATE utf8mb4_unicode_ci DEFAULT NULL,
  `short_description` text COLLATE utf8mb4_unicode_ci DEFAULT NULL,
  `long_description` text COLLATE utf8mb4_unicode_ci DEFAULT NULL,
  `social_medias` text COLLATE utf8mb4_unicode_ci DEFAULT NULL,
  `created_at` timestamp NULL DEFAULT NULL,
  `updated_at` timestamp NULL DEFAULT NULL
) ENGINE=InnoDB DEFAULT CHARSET=utf8mb4 COLLATE=utf8mb4_unicode_ci;

--
-- Dumping data for table `settings`
--

INSERT INTO `settings` (`id`, `logo`, `site_name`, `address`, `phone`, `email`, `short_description`, `long_description`, `social_medias`, `created_at`, `updated_at`) VALUES
(1, 'storage/images/settings/s2MaHCFlJtFoBZybkjCeOCpMO4teMtPrODOojhNS.jpg', 'Royal State', 'ایران , تهران , پاسداران , بالاتر از برج سفید , طبقه اول , واحد ۳', '02128303541', 'admin@gmail.com', '<style type=\"text/css\">0\r\n</style>\r\n<p>بهترین و راحت ترین راه برای خرید و فروش مسکن . در این وبسایت میتوانید اگهی جدید ثبت کنید و یا مسکن موردنظر خود را با توجه به تنوع زیاد اگهی ها پیدا کنید</p>', '<style type=\"text/css\">0\r\n</style>\r\n<h2><span class=\"marker\"><big>سایت املاک</big></span></h2>\r\n\r\n<p>&nbsp;</p>\r\n\r\n<p>بهترین و راحت ترین راه برای خرید و فروش مسکن . در این وبسایت میتوانید اگهی جدید ثبت کنید و یا مسکن موردنظر خود را با توجه به تنوع زیاد اگهی ها پیدا کنید</p>\r\n\r\n<p>&nbsp;</p>\r\n\r\n<p>بهترین و راحت ترین راه برای خرید و فروش مسکن .</p>\r\n\r\n<p>بهترین و راحت ترین راه برای خرید و فروش مسکن .</p>\r\n\r\n<p>در این وبسایت میتوانید اگهی جدید ثبت کنید و یا مسکن موردنظر خود را با توجه به تنوع زیاد اگهی ها پیدا کنید</p>\r\n\r\n<p>&nbsp;</p>\r\n\r\n<p>بهترین و راحت ترین راه برای خرید و فروش مسکن . در این وبسایت میتوانید اگهی جدید ثبت کنید و یا مسکن موردنظر خود را با توجه به تنوع زیاد اگهی ها پیدا کنید</p>\r\n\r\n<p>&nbsp;</p>\r\n\r\n<p>بهترین و راحت ترین راه برای خرید و فروش مسکن . در این وبسایت میتوانید اگهی جدید ثبت کنید و یا مسکن</p>\r\n\r\n<p>موردنظر خود را با توجه به تنوع زیاد اگهی ها پیدا کنید</p>\r\n\r\n<p>در این وبسایت میتوانید اگهی جدید ثبت کنید و یا مسکن موردنظر خود را با توجه به تنوع زیاد اگهی ها پیدا کنید</p>', '[{\"url\":\"https:\\/\\/twitter.com\",\"logo\":\"icon-twitter\"},{\"url\":\"https:\\/\\/facebook.com\",\"logo\":\"icon-facebook\"},{\"url\":\"https:\\/\\/instagram.com\",\"logo\":\"icon-instagram\"}]', '2021-09-06 08:09:04', '2021-09-06 10:30:41');

-- --------------------------------------------------------

--
-- Table structure for table `slides`
--

CREATE TABLE `slides` (
  `id` bigint(20) UNSIGNED NOT NULL,
  `advertise_id` bigint(20) UNSIGNED NOT NULL,
  `created_at` timestamp NULL DEFAULT NULL,
  `updated_at` timestamp NULL DEFAULT NULL
) ENGINE=InnoDB DEFAULT CHARSET=utf8mb4 COLLATE=utf8mb4_unicode_ci;

--
-- Dumping data for table `slides`
--

INSERT INTO `slides` (`id`, `advertise_id`, `created_at`, `updated_at`) VALUES
(1, 8, '2021-09-06 16:09:19', '2021-09-06 16:09:19'),
(2, 9, '2021-09-06 16:09:31', '2021-09-06 16:09:31'),
(5, 4, '2021-09-07 06:37:14', '2021-09-07 06:37:14'),
(7, 1, '2021-09-07 06:37:50', '2021-09-07 06:37:50'),
(8, 9, '2021-09-07 07:25:53', '2021-09-07 07:25:53');

-- --------------------------------------------------------

--
-- Table structure for table `users`
--

CREATE TABLE `users` (
  `id` bigint(20) UNSIGNED NOT NULL,
  `first_name` varchar(255) COLLATE utf8mb4_unicode_ci NOT NULL,
  `last_name` varchar(255) COLLATE utf8mb4_unicode_ci NOT NULL,
  `email` varchar(255) COLLATE utf8mb4_unicode_ci NOT NULL,
  `phone` varchar(255) COLLATE utf8mb4_unicode_ci DEFAULT NULL,
  `email_verified_at` timestamp NULL DEFAULT NULL,
  `password` varchar(255) COLLATE utf8mb4_unicode_ci DEFAULT NULL,
  `two_factor_code` text COLLATE utf8mb4_unicode_ci DEFAULT NULL,
  `two_factor_code_expire` timestamp NULL DEFAULT NULL,
  `remember_token` varchar(100) COLLATE utf8mb4_unicode_ci DEFAULT NULL,
  `approved` tinyint(1) NOT NULL DEFAULT 1,
  `role_id` bigint(20) UNSIGNED NOT NULL,
  `social_id` varchar(255) COLLATE utf8mb4_unicode_ci DEFAULT NULL,
  `social_type` varchar(255) COLLATE utf8mb4_unicode_ci DEFAULT NULL,
  `show_phone_number` tinyint(1) NOT NULL,
  `show_email` tinyint(1) NOT NULL,
  `created_at` timestamp NULL DEFAULT NULL,
  `updated_at` timestamp NULL DEFAULT NULL
) ENGINE=InnoDB DEFAULT CHARSET=utf8mb4 COLLATE=utf8mb4_unicode_ci;

--
-- Dumping data for table `users`
--

INSERT INTO `users` (`id`, `first_name`, `last_name`, `email`, `phone`, `email_verified_at`, `password`, `two_factor_code`, `two_factor_code_expire`, `remember_token`, `approved`, `role_id`, `social_id`, `social_type`, `show_phone_number`, `show_email`, `created_at`, `updated_at`) VALUES
(1, 'user', 'karimi', 'user@gmail.com', NULL, '2021-09-06 07:57:59', '$2y$10$ECsMWoEHXbi8WrmZ2ZcbDuQzL14DuBt7zPgi7HNqe7dbzjKxm7lTy', NULL, NULL, NULL, 1, 1, NULL, NULL, 0, 0, '2021-09-06 07:57:59', '2021-09-06 07:57:59'),
(2, 'امیرحسین', 'کریمی', 'admin@gmail.com', '09035720879', '2021-09-06 07:57:59', '$2y$10$L4Fd07hx.f6tF7rcMAzR6O3uUa8NPiB3fAmgq6UvWvOeDdumn9Sp2', NULL, NULL, NULL, 1, 2, NULL, NULL, 1, 0, '2021-09-06 07:57:59', '2021-09-09 07:38:14'),
(3, 'author', 'karimi', 'author@gmail.com', NULL, '2021-09-06 07:57:59', '$2y$10$6JhkllgecBweZ2u.YEz1Ju3TTzJOVrAKWbVFvwuJWpP9c2cxp1jtO', NULL, NULL, NULL, 1, 3, NULL, NULL, 0, 0, '2021-09-06 07:57:59', '2021-09-06 07:57:59'),
(4, 'sales', 'karimi', 'sales@gmail.com', NULL, '2021-09-06 07:57:59', '$2y$10$vL4H2GzXPcVFP0hbFlu7Z.LzyoaZJtchrEb3voC320UkCvnl5i06.', NULL, NULL, NULL, 1, 4, NULL, NULL, 0, 0, '2021-09-06 07:57:59', '2021-09-06 07:57:59'),
(8, 'Amir hosein', 'khali', 'adada5116@gmail.com', NULL, '2021-09-08 13:14:10', NULL, NULL, NULL, NULL, 1, 1, '114471102313456450324', 'google', 0, 0, '2021-09-08 13:14:10', '2021-09-08 13:14:10');

--
-- Indexes for dumped tables
--

--
-- Indexes for table `advertises`
--
ALTER TABLE `advertises`
  ADD PRIMARY KEY (`id`),
  ADD KEY `advertises_cat_id_foreign` (`cat_id`),
  ADD KEY `advertises_user_id_foreign` (`user_id`);

--
-- Indexes for table `categories`
--
ALTER TABLE `categories`
  ADD PRIMARY KEY (`id`),
  ADD UNIQUE KEY `categories_name_unique` (`name`);

--
-- Indexes for table `comments`
--
ALTER TABLE `comments`
  ADD PRIMARY KEY (`id`),
  ADD KEY `comments_post_id_foreign` (`post_id`),
  ADD KEY `comments_user_id_foreign` (`user_id`),
  ADD KEY `comments_parent_id_foreign` (`parent_id`);

--
-- Indexes for table `failed_jobs`
--
ALTER TABLE `failed_jobs`
  ADD PRIMARY KEY (`id`),
  ADD UNIQUE KEY `failed_jobs_uuid_unique` (`uuid`);

--
-- Indexes for table `galleries`
--
ALTER TABLE `galleries`
  ADD PRIMARY KEY (`id`),
  ADD KEY `galleries_advertise_id_foreign` (`advertise_id`);

--
-- Indexes for table `menus`
--
ALTER TABLE `menus`
  ADD PRIMARY KEY (`id`),
  ADD UNIQUE KEY `menus_name_unique` (`name`),
  ADD KEY `menus_parent_id_foreign` (`parent_id`);

--
-- Indexes for table `migrations`
--
ALTER TABLE `migrations`
  ADD PRIMARY KEY (`id`);

--
-- Indexes for table `password_resets`
--
ALTER TABLE `password_resets`
  ADD KEY `password_resets_email_index` (`email`);

--
-- Indexes for table `permissions`
--
ALTER TABLE `permissions`
  ADD PRIMARY KEY (`id`);

--
-- Indexes for table `permission_role`
--
ALTER TABLE `permission_role`
  ADD KEY `permission_role_permission_id_foreign` (`permission_id`),
  ADD KEY `permission_role_role_id_foreign` (`role_id`);

--
-- Indexes for table `permission_user`
--
ALTER TABLE `permission_user`
  ADD KEY `permission_user_permission_id_foreign` (`permission_id`),
  ADD KEY `permission_user_user_id_foreign` (`user_id`);

--
-- Indexes for table `personal_access_tokens`
--
ALTER TABLE `personal_access_tokens`
  ADD PRIMARY KEY (`id`),
  ADD UNIQUE KEY `personal_access_tokens_token_unique` (`token`),
  ADD KEY `personal_access_tokens_tokenable_type_tokenable_id_index` (`tokenable_type`,`tokenable_id`);

--
-- Indexes for table `posts`
--
ALTER TABLE `posts`
  ADD PRIMARY KEY (`id`),
  ADD KEY `posts_cat_id_foreign` (`cat_id`),
  ADD KEY `posts_user_id_foreign` (`user_id`);

--
-- Indexes for table `roles`
--
ALTER TABLE `roles`
  ADD PRIMARY KEY (`id`);

--
-- Indexes for table `settings`
--
ALTER TABLE `settings`
  ADD PRIMARY KEY (`id`);

--
-- Indexes for table `slides`
--
ALTER TABLE `slides`
  ADD PRIMARY KEY (`id`),
  ADD KEY `slides_advertise_id_foreign` (`advertise_id`);

--
-- Indexes for table `users`
--
ALTER TABLE `users`
  ADD PRIMARY KEY (`id`),
  ADD UNIQUE KEY `users_email_unique` (`email`),
  ADD KEY `users_role_id_foreign` (`role_id`);

--
-- AUTO_INCREMENT for dumped tables
--

--
-- AUTO_INCREMENT for table `advertises`
--
ALTER TABLE `advertises`
  MODIFY `id` bigint(20) UNSIGNED NOT NULL AUTO_INCREMENT, AUTO_INCREMENT=10;

--
-- AUTO_INCREMENT for table `categories`
--
ALTER TABLE `categories`
  MODIFY `id` bigint(20) UNSIGNED NOT NULL AUTO_INCREMENT, AUTO_INCREMENT=11;

--
-- AUTO_INCREMENT for table `comments`
--
ALTER TABLE `comments`
  MODIFY `id` bigint(20) UNSIGNED NOT NULL AUTO_INCREMENT, AUTO_INCREMENT=28;

--
-- AUTO_INCREMENT for table `failed_jobs`
--
ALTER TABLE `failed_jobs`
  MODIFY `id` bigint(20) UNSIGNED NOT NULL AUTO_INCREMENT;

--
-- AUTO_INCREMENT for table `galleries`
--
ALTER TABLE `galleries`
  MODIFY `id` bigint(20) UNSIGNED NOT NULL AUTO_INCREMENT, AUTO_INCREMENT=78;

--
-- AUTO_INCREMENT for table `menus`
--
ALTER TABLE `menus`
  MODIFY `id` bigint(20) UNSIGNED NOT NULL AUTO_INCREMENT, AUTO_INCREMENT=5;

--
-- AUTO_INCREMENT for table `migrations`
--
ALTER TABLE `migrations`
  MODIFY `id` int(10) UNSIGNED NOT NULL AUTO_INCREMENT, AUTO_INCREMENT=57;

--
-- AUTO_INCREMENT for table `permissions`
--
ALTER TABLE `permissions`
  MODIFY `id` bigint(20) UNSIGNED NOT NULL AUTO_INCREMENT, AUTO_INCREMENT=38;

--
-- AUTO_INCREMENT for table `personal_access_tokens`
--
ALTER TABLE `personal_access_tokens`
  MODIFY `id` bigint(20) UNSIGNED NOT NULL AUTO_INCREMENT;

--
-- AUTO_INCREMENT for table `posts`
--
ALTER TABLE `posts`
  MODIFY `id` bigint(20) UNSIGNED NOT NULL AUTO_INCREMENT, AUTO_INCREMENT=11;

--
-- AUTO_INCREMENT for table `roles`
--
ALTER TABLE `roles`
  MODIFY `id` bigint(20) UNSIGNED NOT NULL AUTO_INCREMENT, AUTO_INCREMENT=5;

--
-- AUTO_INCREMENT for table `settings`
--
ALTER TABLE `settings`
  MODIFY `id` bigint(20) UNSIGNED NOT NULL AUTO_INCREMENT, AUTO_INCREMENT=2;

--
-- AUTO_INCREMENT for table `slides`
--
ALTER TABLE `slides`
  MODIFY `id` bigint(20) UNSIGNED NOT NULL AUTO_INCREMENT, AUTO_INCREMENT=9;

--
-- AUTO_INCREMENT for table `users`
--
ALTER TABLE `users`
  MODIFY `id` bigint(20) UNSIGNED NOT NULL AUTO_INCREMENT, AUTO_INCREMENT=9;

--
-- Constraints for dumped tables
--

--
-- Constraints for table `advertises`
--
ALTER TABLE `advertises`
  ADD CONSTRAINT `advertises_cat_id_foreign` FOREIGN KEY (`cat_id`) REFERENCES `categories` (`id`) ON DELETE CASCADE ON UPDATE CASCADE,
  ADD CONSTRAINT `advertises_user_id_foreign` FOREIGN KEY (`user_id`) REFERENCES `users` (`id`) ON DELETE CASCADE ON UPDATE CASCADE;

--
-- Constraints for table `comments`
--
ALTER TABLE `comments`
  ADD CONSTRAINT `comments_parent_id_foreign` FOREIGN KEY (`parent_id`) REFERENCES `comments` (`id`) ON DELETE CASCADE ON UPDATE CASCADE,
  ADD CONSTRAINT `comments_post_id_foreign` FOREIGN KEY (`post_id`) REFERENCES `posts` (`id`) ON DELETE CASCADE ON UPDATE CASCADE,
  ADD CONSTRAINT `comments_user_id_foreign` FOREIGN KEY (`user_id`) REFERENCES `users` (`id`) ON DELETE CASCADE ON UPDATE CASCADE;

--
-- Constraints for table `galleries`
--
ALTER TABLE `galleries`
  ADD CONSTRAINT `galleries_advertise_id_foreign` FOREIGN KEY (`advertise_id`) REFERENCES `advertises` (`id`) ON DELETE CASCADE ON UPDATE CASCADE;

--
-- Constraints for table `menus`
--
ALTER TABLE `menus`
  ADD CONSTRAINT `menus_parent_id_foreign` FOREIGN KEY (`parent_id`) REFERENCES `menus` (`id`) ON DELETE CASCADE ON UPDATE CASCADE;

--
-- Constraints for table `permission_role`
--
ALTER TABLE `permission_role`
  ADD CONSTRAINT `permission_role_permission_id_foreign` FOREIGN KEY (`permission_id`) REFERENCES `permissions` (`id`) ON DELETE CASCADE ON UPDATE CASCADE,
  ADD CONSTRAINT `permission_role_role_id_foreign` FOREIGN KEY (`role_id`) REFERENCES `roles` (`id`) ON DELETE CASCADE ON UPDATE CASCADE;

--
-- Constraints for table `permission_user`
--
ALTER TABLE `permission_user`
  ADD CONSTRAINT `permission_user_permission_id_foreign` FOREIGN KEY (`permission_id`) REFERENCES `permissions` (`id`) ON DELETE CASCADE ON UPDATE CASCADE,
  ADD CONSTRAINT `permission_user_user_id_foreign` FOREIGN KEY (`user_id`) REFERENCES `users` (`id`) ON DELETE CASCADE ON UPDATE CASCADE;

--
-- Constraints for table `posts`
--
ALTER TABLE `posts`
  ADD CONSTRAINT `posts_cat_id_foreign` FOREIGN KEY (`cat_id`) REFERENCES `categories` (`id`) ON DELETE CASCADE ON UPDATE CASCADE,
  ADD CONSTRAINT `posts_user_id_foreign` FOREIGN KEY (`user_id`) REFERENCES `users` (`id`) ON DELETE CASCADE ON UPDATE CASCADE;

--
-- Constraints for table `slides`
--
ALTER TABLE `slides`
  ADD CONSTRAINT `slides_advertise_id_foreign` FOREIGN KEY (`advertise_id`) REFERENCES `advertises` (`id`) ON DELETE CASCADE ON UPDATE CASCADE;

--
-- Constraints for table `users`
--
ALTER TABLE `users`
  ADD CONSTRAINT `users_role_id_foreign` FOREIGN KEY (`role_id`) REFERENCES `roles` (`id`) ON DELETE CASCADE ON UPDATE CASCADE;
COMMIT;

/*!40101 SET CHARACTER_SET_CLIENT=@OLD_CHARACTER_SET_CLIENT */;
/*!40101 SET CHARACTER_SET_RESULTS=@OLD_CHARACTER_SET_RESULTS */;
/*!40101 SET COLLATION_CONNECTION=@OLD_COLLATION_CONNECTION */;
